"页面 URL with Http 400-499 &#38169;&#35823; ","页面深度"
"https://pixcloak.com/tools/png-to-jpg","3"
"https://pixcloak.com/guides/long-tail/job-application-500kb","3"
"https://pixcloak.com/guides/long-tail/resume-200kb","3"
"https://pixcloak.com/guides/long-tail/gov-portal-200kb-cn","3"
"https://pixcloak.com/guides/jpeg-vs-webp-for-websites","3"
"https://pixcloak.com/tools/crop-image","3"
"https://pixcloak.com/guides/long-tail/youtube-thumbnail-200kb","3"
"https://pixcloak.com/guides/long-tail/passport-scan-redact","3"
"https://pixcloak.com/guides/long-tail/instagram-story-1080x1920","3"
"https://pixcloak.com/guides/compress-to-100kb","2"
"https://pixcloak.com/guides/languages","2"
